observation_date,AMVPNO
1992-02-01,20849
1992-03-01,22506
1992-04-01,23682
1992-05-01,24429
1992-06-01,23625
1992-07-01,25289
1992-08-01,24066
1992-09-01,22838
1992-10-01,23704
1992-11-01,24454
1992-12-01,23654
1993-01-01,24752
1993-02-01,25168
1993-03-01,25290
1993-04-01,25391
1993-05-01,26203
1993-06-01,26002
1993-07-01,24862
1993-08-01,24393
1993-09-01,25746
1993-10-01,27808
1993-11-01,27254
1993-12-01,27955
1994-01-01,29293
1994-02-01,29476
1994-03-01,29384
1994-04-01,29640
1994-05-01,30569
1994-06-01,30483
1994-07-01,31054
1994-08-01,31946
1994-09-01,30463
1994-10-01,30766
1994-11-01,31673
1994-12-01,32951
1995-01-01,31842
1995-02-01,32222
1995-03-01,32249
1995-04-01,31737
1995-05-01,30214
1995-06-01,30760
1995-07-01,29561
1995-08-01,31560
1995-09-01,32619
1995-10-01,31434
1995-11-01,30882
1995-12-01,32726
1996-01-01,30584
1996-02-01,30518
1996-03-01,28855
1996-04-01,32420
1996-05-01,32915
1996-06-01,33698
1996-07-01,34256
1996-08-01,32180
1996-09-01,33719
1996-10-01,31199
1996-11-01,32796
1996-12-01,31352
1997-01-01,33902
1997-02-01,34538
1997-03-01,34091
1997-04-01,35019
1997-05-01,33934
1997-06-01,34067
1997-07-01,37296
1997-08-01,35688
1997-09-01,34830
1997-10-01,35779
1997-11-01,37394
1997-12-01,36673
1998-01-01,33857
1998-02-01,36992
1998-03-01,37183
1998-04-01,36464
1998-05-01,38197
1998-06-01,30475
1998-07-01,30367
1998-08-01,36349
1998-09-01,38416
1998-10-01,39884
1998-11-01,40257
1998-12-01,40047
1999-01-01,41724
1999-02-01,41815
1999-03-01,40959
1999-04-01,40993
1999-05-01,41930
1999-06-01,41545
1999-07-01,39771
1999-08-01,42168
1999-09-01,41794
1999-10-01,42301
1999-11-01,40991
1999-12-01,42080
2000-01-01,43668
2000-02-01,39808
2000-03-01,40749
2000-04-01,40644
2000-05-01,38730
2000-06-01,39915
2000-07-01,38556
2000-08-01,35658
2000-09-01,39880
2000-10-01,37481
2000-11-01,35816
2000-12-01,35999
2001-01-01,33062
2001-02-01,35373
2001-03-01,36913
2001-04-01,35420
2001-05-01,36809
2001-06-01,36055
2001-07-01,35454
2001-08-01,35723
2001-09-01,33450
2001-10-01,34044
2001-11-01,36193
2001-12-01,36656
2002-01-01,37703
2002-02-01,36657
2002-03-01,36008
2002-04-01,41014
2002-05-01,40235
2002-06-01,39321
2002-07-01,40900
2002-08-01,41459
2002-09-01,39419
2002-10-01,40887
2002-11-01,40238
2002-12-01,36652
2003-01-01,41356
2003-02-01,40985
2003-03-01,40556
2003-04-01,39106
2003-05-01,39977
2003-06-01,40276
2003-07-01,42271
2003-08-01,39586
2003-09-01,43200
2003-10-01,42676
2003-11-01,42229
2003-12-01,41514
2004-01-01,40988
2004-02-01,42565
2004-03-01,43759
2004-04-01,41723
2004-05-01,40487
2004-06-01,40913
2004-07-01,37495
2004-08-01,40911
2004-09-01,40793
2004-10-01,39620
2004-11-01,40812
2004-12-01,41773
2005-01-01,41848
2005-02-01,41581
2005-03-01,38411
2005-04-01,42416
2005-05-01,41859
2005-06-01,41639
2005-07-01,40318
2005-08-01,42418
2005-09-01,44769
2005-10-01,43951
2005-11-01,40949
2005-12-01,42780
2006-01-01,42971
2006-02-01,41743
2006-03-01,43315
2006-04-01,41670
2006-05-01,43413
2006-06-01,43262
2006-07-01,38283
2006-08-01,41533
2006-09-01,39899
2006-10-01,40576
2006-11-01,40629
2006-12-01,44017
2007-01-01,40463
2007-02-01,41257
2007-03-01,42356
2007-04-01,41492
2007-05-01,42835
2007-06-01,42035
2007-07-01,43611
2007-08-01,42496
2007-09-01,40551
2007-10-01,40474
2007-11-01,41172
2007-12-01,39739
2008-01-01,40110
2008-02-01,39918
2008-03-01,36867
2008-04-01,37468
2008-05-01,35713
2008-06-01,35792
2008-07-01,33679
2008-08-01,31985
2008-09-01,32075
2008-10-01,30173
2008-11-01,29119
2008-12-01,26450
2009-01-01,24001
2009-02-01,24031
2009-03-01,24068
2009-04-01,23827
2009-05-01,22140
2009-06-01,21440
2009-07-01,22955
2009-08-01,25464
2009-09-01,26475
2009-10-01,27312
2009-11-01,28681
2009-12-01,30149
2010-01-01,31691
2010-02-01,28285
2010-03-01,30067
2010-04-01,31253
2010-05-01,32452
2010-06-01,33650
2010-07-01,35360
2010-08-01,35515
2010-09-01,36640
2010-10-01,36208
2010-11-01,34865
2010-12-01,36395
2011-01-01,36442
2011-02-01,36509
2011-03-01,39375
2011-04-01,35680
2011-05-01,36018
2011-06-01,36020
2011-07-01,38840
2011-08-01,36834
2011-09-01,36634
2011-10-01,38910
2011-11-01,38299
2011-12-01,39272
2012-01-01,41261
2012-02-01,41022
2012-03-01,41206
2012-04-01,43415
2012-05-01,43664
2012-06-01,43518
2012-07-01,43367
2012-08-01,42366
2012-09-01,41737
2012-10-01,42104
2012-11-01,43367
2012-12-01,43323
2013-01-01,43130
2013-02-01,45446
2013-03-01,44548
2013-04-01,45985
2013-05-01,45399
2013-06-01,45336
2013-07-01,43300
2013-08-01,45428
2013-09-01,45771
2013-10-01,46947
2013-11-01,48868
2013-12-01,45917
2014-01-01,45883
2014-02-01,48873
2014-03-01,49010
2014-04-01,48348
2014-05-01,50475
2014-06-01,49706
2014-07-01,53246
2014-08-01,50552
2014-09-01,50513
2014-10-01,51635
2014-11-01,50756
2014-12-01,52779
2015-01-01,50561
2015-02-01,50174
2015-03-01,54504
2015-04-01,53214
2015-05-01,53500
2015-06-01,53798
2015-07-01,55317
2015-08-01,54027
2015-09-01,54523
2015-10-01,53883
2015-11-01,54643
2015-12-01,53664
2016-01-01,54251
2016-02-01,54913
2016-03-01,53043
2016-04-01,54350
2016-05-01,52840
2016-06-01,52770
2016-07-01,52816
2016-08-01,53544
2016-09-01,53939
2016-10-01,52295
2016-11-01,52343
2016-12-01,53660
2017-01-01,54492
2017-02-01,52947
2017-03-01,52688
2017-04-01,52230
2017-05-01,54104
2017-06-01,53323
2017-07-01,50823
2017-08-01,52498
2017-09-01,52640
2017-10-01,53632
2017-11-01,53720
2017-12-01,53350
2018-01-01,54316
2018-02-01,55216
2018-03-01,54530
2018-04-01,57195
2018-05-01,53310
2018-06-01,55302
2018-07-01,56322
2018-08-01,56452
2018-09-01,56740
2018-10-01,57634
2018-11-01,57061
2018-12-01,56840
2019-01-01,56963
2019-02-01,57075
2019-03-01,56675
2019-04-01,55348
2019-05-01,55655
2019-06-01,56296
2019-07-01,55133
2019-08-01,55070
2019-09-01,53885
2019-10-01,52543
2019-11-01,52646
2019-12-01,52331
2020-01-01,53362
2020-02-01,54676
2020-03-01,42989
2020-04-01,19361
2020-05-01,25147
2020-06-01,48343
2020-07-01,57743
2020-08-01,55795
2020-09-01,56355
2020-10-01,55233
2020-11-01,56201
2020-12-01,56359
2021-01-01,57609
2021-02-01,53122
2021-03-01,53339
2021-04-01,49525
2021-05-01,50508
2021-06-01,50746
2021-07-01,54453
2021-08-01,53636
2021-09-01,50828
2021-10-01,55293
2021-11-01,55977
2021-12-01,57449
2022-01-01,58444
2022-02-01,58569
2022-03-01,60692
2022-04-01,61176
2022-05-01,61255
2022-06-01,61521
2022-07-01,62491
2022-08-01,63216
2022-09-01,63740
2022-10-01,64703
2022-11-01,65064
2022-12-01,65584
2023-01-01,66687
2023-02-01,65323
2023-03-01,63082
2023-04-01,63443
2023-05-01,64561
2023-06-01,65172
2023-07-01,65846
2023-08-01,66382
2023-09-01,65742
2023-10-01,62823
2023-11-01,64082
2023-12-01,64668
2024-01-01,65606
2024-02-01,64841
2024-03-01,65982
2024-04-01,67028
2024-05-01,66836
2024-06-01,66095
2024-07-01,64642
2024-08-01,64148
2024-09-01,64671
2024-10-01,64470
2024-11-01,64372
2024-12-01,64158
2025-01-01,62761
2025-02-01,65768
2025-03-01,66838
2025-04-01,64714
2025-05-01,65320
2025-06-01,66141
2025-07-01,66497
2025-08-01,66871
